,coefficient,expected_sign,family,forced,t_stat_OLS,VIF,avg_weekly_contribution
const,191022.7786479047,(intercept),(intercept),,,,191022.77864790472
Weighted Weeks Display Only,753664.648332756,positive,Trade,,9.95832464956223,1.6438192057401448,33041.794423098014
_C_Competitor2 __Weighted Weeks Display Only,-44134.84617143723,negative,Competitive,,-2.6920009352371395,1.634739774679334,-14935.842402430588
Seasonality_Index,51471.76224278573,positive,Seasonality,,8.097130269092153,1.8962847049015514,51471.76224278573
PSAVERT,-22131.28733446668,unconstrained,Macro,,-8.301817824209778,1.7844045270252653,-99377.9921653456
_C_Competitor3__Weighted Weeks Price Reductions Only,-23039.02773745284,negative,Competitive,,-1.92000371021604,1.6741718159938388,-9049.191151037418
Unemployment_Rate,-7125.075865392171,unconstrained,Macro,,-1.7412978579450453,2.0302073724584613,-29000.42897904333
Brand 1_Google_Ads_Spend,0.1115468580974266,positive,Media,,2.33157386483034,2.060408888301562,4625.953111594437
Gas_Price,-16810.841118289154,unconstrained,Macro,,-1.833745831094447,2.8783430395176333,-54486.683990327176
